date,amount,price,sid,symbol,value
2023-05-05 08:50:00+00:00,-9.507985079108586,29101.0,0,Kraken,276691.87378713896
2023-05-05 08:51:00+00:00,-35.81580715389572,29100.899999999998,0,Kraken,1042272.2224048038
2023-05-05 08:52:00+00:00,-134.9148945438379,29100.900000000005,0,Kraken,3926144.854630773
2023-05-05 08:53:00+00:00,-508.2121615063213,29082.699999999997,0,Kraken,14780181.82943989
2023-05-05 08:54:00+00:00,-1913.5096445145844,29081.0,0,Kraken,55646773.97212863
2023-05-05 08:55:00+00:00,-7204.396610789854,29068.3,0,Kraken,209419562.0014227
2023-05-05 08:56:00+00:00,-27115.977318619684,29081.100000000002,0,Kraken,788562448.0005109
2023-05-05 08:57:00+00:00,-102092.37721396166,29075.8,0,Kraken,2968417541.3977065
2023-05-05 08:58:00+00:00,-384329.07413569756,29079.7,0,Kraken,11176174177.143845
2023-05-05 08:59:00+00:00,-1446958.047313721,29075.900000000005,0,Kraken,42071607487.88902
2023-05-05 09:00:00+00:00,-5447120.209803339,29076.699999999997,0,Kraken,158384280204.38873
2023-05-05 09:01:00+00:00,-20506273.939290155,29076.0,0,Kraken,596240421058.8005
2023-05-05 09:02:00+00:00,-77196724.20917511,29075.9,0,Kraken,2244564233433.5547
2023-05-05 09:03:00+00:00,-290609556.6150455,29078.499999999996,0,Kraken,8450489992030.6
2023-05-05 09:04:00+00:00,-1094080884.168879,29079.700000000004,0,Kraken,31815543887365.758
2023-05-05 09:05:00+00:00,-4119098049.8168583,29084.100000000002,0,Kraken,119800259590678.5
2023-05-05 09:06:00+00:00,-15509688856.431923,29084.300000000003,0,Kraken,451088443607123.0
2023-05-05 09:07:00+00:00,-58399110768.18033,29081.2,0,Kraken,1698316220071605.8
2023-05-05 09:08:00+00:00,-219874763568.66953,29081.2,0,Kraken,6394221974293192.0
2023-05-05 09:09:00+00:00,-827836434809.5487,29085.2,0,Kraken,2.407778827372269e+16
2023-05-05 09:10:00+00:00,-3117148951254.4585,29087.4,0,Kraken,9.066975840471894e+16
2023-05-05 09:11:00+00:00,-11738016051638.938,29086.499999999996,0,Kraken,3.414178038859959e+17
2023-05-05 09:12:00+00:00,-44199969902539.64,29089.100000000002,0,Kraken,1.285737344491966e+18
2023-05-05 09:13:00+00:00,-166447684773362.7,29086.500000000004,0,Kraken,4.841380583160414e+18
2023-05-05 09:14:00+00:00,-626765428243115.1,29086.4,0,Kraken,1.8230349952050545e+19
2023-05-05 09:15:00+00:00,-2360104381553360.0,29072.5,0,Kraken,6.861413463271006e+19
2023-05-05 09:16:00+00:00,-8883926064590910.0,29072.299999999996,0,Kraken,2.582761637276063e+20
2023-05-05 09:17:00+00:00,-3.3440785174705784e+16,29051.099999999995,0,Kraken,9.71491594188895e+20
2023-05-05 09:18:00+00:00,-1.2581006099498005e+17,29069.7,0,Kraken,3.6572607301057716e+21
2023-05-05 09:19:00+00:00,-4.735418655175346e+17,29081.9,0,Kraken,1.377149717879439e+22
2023-05-05 09:20:00+00:00,-1.7829337624471652e+18,29083.6,0,Kraken,5.185413237350837e+22
2023-05-05 09:21:00+00:00,-6.713216931421556e+18,29093.3,0,Kraken,1.9530963415092674e+23
2023-05-05 09:22:00+00:00,-2.528322780455324e+19,29093.499999999996,0,Kraken,7.355775881317696e+23
2023-05-05 09:23:00+00:00,-9.522183512938871e+19,29106.500000000004,0,Kraken,2.771574344193553e+24
2023-05-05 09:24:00+00:00,-3.587427102317133e+20,29109.399999999998,0,Kraken,1.0442785049219035e+25
2023-05-05 09:25:00+00:00,-1.3516411545548415e+21,29124.3,0,Kraken,3.936560247760157e+25
2023-05-05 09:26:00+00:00,-5.094516764426398e+21,29109.7,0,Kraken,1.4829985465742313e+26
2023-05-05 09:27:00+00:00,-1.9194844817593907e+22,29101.5,0,Kraken,5.585987764592091e+26
2023-05-05 09:28:00+00:00,-7.230633313541863e+22,29100.1,0,Kraken,2.1041215248739955e+27
2023-05-05 09:29:00+00:00,-2.7236589376675018e+23,29095.0,0,Kraken,7.924485679143597e+27
2023-05-05 09:30:00+00:00,-1.02582480973582e+24,29095.1,0,Kraken,2.9846475421744655e+28
2023-05-05 09:31:00+00:00,-3.863623239475113e+24,29093.3,0,Kraken,1.124055499930213e+29
2023-05-05 09:32:00+00:00,-1.455112616090152e+25,29100.9,0,Kraken,4.234508672957791e+29
2023-05-05 09:33:00+00:00,-5.48127714407401e+25,29134.5,0,Kraken,1.5969426895402425e+30
2023-05-05 09:34:00+00:00,-2.066498440841417e+26,29149.999999999996,0,Kraken,6.02384295505273e+30
2023-05-05 09:35:00+00:00,-7.793959334394889e+26,29127.600000000002,0,Kraken,2.270193299085206e+31
2023-05-05 09:36:00+00:00,-2.9378923348789325e+27,29125.399999999998,0,Kraken,8.556728941028286e+31
2023-05-05 09:37:00+00:00,-1.1073617444606288e+28,29126.6,0,Kraken,3.225368258620695e+32
2023-05-05 09:38:00+00:00,-4.17403707222023e+28,29126.5,0,Kraken,1.2157509078402253e+33
2023-05-05 09:39:00+00:00,-1.573337856387781e+29,29119.599999999995,0,Kraken,4.581496904286962e+33
2023-05-05 09:40:00+00:00,-5.9294182769820426e+29,29129.300000000003,0,Kraken,1.7271980381569303e+34
2023-05-05 09:41:00+00:00,-2.235159145244376e+30,29116.799999999996,0,Kraken,6.508068180025144e+34
2023-05-05 09:42:00+00:00,-8.423020660194421e+30,29115.299999999996,0,Kraken,2.4523877342775857e+35
2023-05-05 09:43:00+00:00,-3.1740286645894616e+31,29111.3,0,Kraken,9.24001006634632e+35
2023-05-05 09:44:00+00:00,-1.1959416448752856e+32,29112.999999999996,0,Kraken,3.4817449107254184e+36
2023-05-05 09:45:00+00:00,-4.506379510919239e+32,29122.600000000002,0,Kraken,1.3123748794469663e+37
2023-05-05 09:46:00+00:00,-1.6984420282897926e+33,29134.700000000004,0,Kraken,4.948359896161463e+37
2023-05-05 09:47:00+00:00,-6.403335234166041e+33,29133.1,0,Kraken,1.8654900571048267e+38
2023-05-05 09:48:00+00:00,-2.4140386862344157e+34,29137.0,0,Kraken,7.033784520081217e+38
2023-05-05 09:49:00+00:00,-9.101750512894132e+34,29132.100000000002,0,Kraken,2.6515310611668316e+39
2023-05-05 09:50:00+00:00,-3.431246827926132e+35,29122.5,0,Kraken,9.992648574627878e+39
2023-05-05 09:51:00+00:00,-1.2932242182759886e+36,29111.399999999998,0,Kraken,3.7647567507919614e+40
2023-05-05 09:52:00+00:00,-4.872749319576318e+36,29111.0,0,Kraken,1.4185060544218618e+41
2023-05-05 09:53:00+00:00,-1.8359883719644572e+37,29114.7,0,Kraken,5.345425065323358e+41
2023-05-05 09:54:00+00:00,-6.91841054822321e+37,29114.799999999996,0,Kraken,2.014281394294091e+42
2023-05-05 09:55:00+00:00,-2.6070167990297468e+38,29108.5,0,Kraken,7.588634849455738e+42
2023-05-05 09:56:00+00:00,-9.822279490972605e+38,29115.4,0,Kraken,2.859795962914638e+43
2023-05-05 09:57:00+00:00,-3.701317683565995e+39,29115.400000000005,0,Kraken,1.0776534488409738e+44
2023-05-05 09:58:00+00:00,-1.3947630595595882e+40,29084.000000000004,0,Kraken,4.056528882423107e+44
2023-05-05 09:59:00+00:00,-5.25170466826478e+40,29108.3,0,Kraken,1.528681949952517e+45
2023-05-05 10:00:00+00:00,-1.9786389839115927e+41,29109.000000000004,0,Kraken,5.759620218268256e+45
2023-05-05 10:01:00+00:00,-7.454877293574264e+41,29111.599999999995,0,Kraken,2.170234058196165e+46
2023-05-05 10:02:00+00:00,-2.8089430337076676e+42,29111.599999999995,0,Kraken,8.177282602008413e+46
2023-05-05 10:03:00+00:00,-1.0583891130462687e+43,29111.700000000004,0,Kraken,3.0811506342269066e+47
2023-05-05 10:04:00+00:00,-3.987942538717807e+43,29128.199999999997,0,Kraken,1.1616158785628001e+48
2023-05-05 10:05:00+00:00,-1.5032568979748523e+44,29123.8,0,Kraken,4.3780553245240004e+48
2023-05-05 10:06:00+00:00,-5.665905368083462e+44,29123.699999999997,0,Kraken,1.6501212816845231e+49
2023-05-05 10:07:00+00:00,-2.135523389305944e+45,29121.5,0,Kraken,6.218964438167305e+49
2023-05-05 10:08:00+00:00,-8.048505497866108e+45,29104.7,0,Kraken,2.342493379637437e+50
2023-05-05 10:09:00+00:00,-3.0320897599369506e+46,29095.2,0,Kraken,8.821925798331757e+50
2023-05-05 10:10:00+00:00,-1.1419963645891094e+47,29101.9,0,Kraken,3.32342640026358e+51
2023-05-05 10:11:00+00:00,-4.301905227111277e+47,29109.699999999997,0,Kraken,1.2522717058964114e+52
2023-05-05 10:12:00+00:00,-1.6208485921764215e+48,29115.9,0,Kraken,4.719246552494947e+52
2023-05-05 10:13:00+00:00,-6.10790117275208e+48,29121.500000000004,0,Kraken,1.7787124400229971e+53
2023-05-05 10:14:00+00:00,-2.301987251251556e+49,29101.3,0,Kraken,6.69908215948469e+53
2023-05-05 10:15:00+00:00,-8.671464572861852e+49,29097.3,0,Kraken,2.5231620611593314e+54
2023-05-05 10:16:00+00:00,-3.266165180253764e+50,29093.2,0,Kraken,9.50231968221588e+54
2023-05-05 10:17:00+00:00,-1.2300956555796606e+51,29094.899999999998,0,Kraken,3.5789510089524664e+55
2023-05-05 10:18:00+00:00,-4.632956934777728e+51,29100.6,0,Kraken,1.3482182657619274e+56
2023-05-05 10:19:00+00:00,-1.745179608902379e+52,29094.6,0,Kraken,5.077530264917115e+56
2023-05-05 10:20:00+00:00,-6.572887808657798e+52,29096.4,0,Kraken,1.9124737283583075e+57
2023-05-05 10:21:00+00:00,-2.4756659482075757e+53,29096.4,0,Kraken,7.203296669542691e+57
2023-05-05 10:22:00+00:00,-9.324549673648023e+53,29096.399999999998,0,Kraken,2.713108271243323e+58
2023-05-05 10:23:00+00:00,-3.512074263463563e+54,29096.399999999998,0,Kraken,1.021887175994412e+59
2023-05-05 10:24:00+00:00,-1.3228162285350842e+55,29104.300000000003,0,Kraken,3.8499640360153654e+59
2023-05-05 10:25:00+00:00,-4.983356289488961e+55,29134.2,0,Kraken,1.4518609880922929e+60
2023-05-05 10:26:00+00:00,-1.8787628901210329e+56,29124.499999999996,0,Kraken,5.471802979333002e+60
2023-05-05 10:27:00+00:00,-7.081344998453041e+56,29125.0,0,Kraken,2.0624417307994484e+61
2023-05-05 10:28:00+00:00,-2.669101020142508e+57,29133.900000000005,0,Kraken,7.776132221072982e+61
2023-05-05 10:29:00+00:00,-1.006263593325625e+58,29129.100000000002,0,Kraken,2.9311552836341465e+62
2023-05-05 10:30:00+00:00,-3.793201663460001e+58,29145.3,0,Kraken,1.1055400044204075e+63
2023-05-05 10:31:00+00:00,-1.4304659529846876e+59,29131.899999999998,0,Kraken,4.167219109575462e+63
2023-05-05 10:32:00+00:00,-5.392651664506654e+59,29130.199999999993,0,Kraken,1.570890215174117e+64
2023-05-05 10:33:00+00:00,-2.0328652391299836e+60,29125.1,0,Kraken,5.920740337618468e+64
2023-05-05 10:34:00+00:00,-7.662296317865256e+60,29129.1,0,Kraken,2.2319579567272883e+65
2023-05-05 10:35:00+00:00,-2.8883719267626e+61,29122.7,0,Kraken,8.411718911152917e+65
2023-05-05 10:36:00+00:00,-1.0886221716452344e+62,29104.000000000004,0,Kraken,3.1683259683562906e+66
2023-05-05 10:37:00+00:00,-4.1010617749336213e+62,29103.0,0,Kraken,1.1935320083589318e+67
2023-05-05 10:38:00+00:00,-1.544914630184885e+63,29101.2,0,Kraken,4.4958869635936375e+67
2023-05-05 10:39:00+00:00,-5.819597246905596e+63,29101.1,0,Kraken,1.6935668144192442e+68
2023-05-05 10:40:00+00:00,-2.192200524887723e+64,29101.8,0,Kraken,6.379698123517754e+68
2023-05-05 10:41:00+00:00,-8.258007981650108e+64,29108.000000000004,0,Kraken,2.4037409632987135e+69
2023-05-05 10:42:00+00:00,-3.1112741194736373e+65,29096.299999999996,0,Kraken,9.052656516244078e+69
2023-05-05 10:43:00+00:00,-1.171852642774802e+66,29096.399999999994,0,Kraken,3.409669323523274e+70
2023-05-05 10:44:00+00:00,-4.4137611480501576e+66,29099.5,0,Kraken,1.2843824252768555e+71
2023-05-05 10:45:00+00:00,-1.66256500834518e+67,29097.200000000004,0,Kraken,4.837598656082137e+71
2023-05-05 10:46:00+00:00,-6.26214659241965e+67,29104.4,0,Kraken,1.8225601928441848e+72
2023-05-05 10:47:00+00:00,-2.3591021711759424e+68,29112.8,0,Kraken,6.8680069689010974e+72
2023-05-05 10:48:00+00:00,-8.889192949528484e+68,29113.099999999995,0,Kraken,2.5879196325891766e+73
2023-05-05 10:49:00+00:00,-3.3495094202118546e+69,29122.7,0,Kraken,9.754675799200378e+73
2023-05-05 10:50:00+00:00,-1.2624240615245735e+70,29130.3,0,Kraken,3.6774791639429285e+74
2023-05-05 10:51:00+00:00,-4.7589657634747813e+70,29131.399999999998,0,Kraken,1.3863533524208924e+75
2023-05-05 10:52:00+00:00,-1.7940392752664795e+71,29114.999999999996,0,Kraken,5.223345349938354e+75
2023-05-05 10:53:00+00:00,-6.760388240290987e+71,29115.0,0,Kraken,1.968287036160721e+76
2023-05-05 10:54:00+00:00,-2.547483201150999e+72,29104.099999999995,0,Kraken,7.414220583461878e+76
2023-05-05 10:55:00+00:00,-9.596913069228529e+72,29103.100000000002,0,Kraken,2.792999207450648e+77
2023-05-05 10:56:00+00:00,-3.6152707859631397e+73,29114.9,0,Kraken,1.0525824740623822e+78
2023-05-05 10:57:00+00:00,-1.3623209243879468e+74,29116.300000000003,0,Kraken,3.966574473075678e+78
2023-05-05 10:58:00+00:00,-5.133734014905601e+74,29105.599999999995,0,Kraken,1.4942040874423643e+79
2023-05-05 10:59:00+00:00,-1.9340604183450665e+75,29110.299999999996,0,Kraken,5.630107899615038e+79
2023-05-05 11:00:00+00:00,-7.287158608676183e+75,29121.2,0,Kraken,2.1221080327498087e+80
2023-05-05 11:01:00+00:00,-2.7464130120317838e+76,29121.4,0,Kraken,7.997939188858239e+80
2023-05-05 11:02:00+00:00,-1.035084165915998e+77,29121.3,0,Kraken,3.014299652088955e+81
2023-05-05 11:03:00+00:00,-3.9010757775183966e+77,29113.5,0,Kraken,1.1357396964878184e+82
2023-05-05 11:04:00+00:00,-1.4699671865475891e+78,29118.299999999996,0,Kraken,4.280294552804866e+82
2023-05-05 11:05:00+00:00,-5.539664860773431e+78,29118.199999999997,0,Kraken,1.6130506934897292e+83
2023-05-05 11:06:00+00:00,-2.0876526786319536e+79,29109.9,0,Kraken,6.077136070970831e+83
2023-05-05 11:07:00+00:00,-7.865784587282277e+79,29116.399999999998,0,Kraken,2.2902333035714566e+84
2023-05-05 11:08:00+00:00,-2.964128866531725e+80,29119.499999999996,0,Kraken,8.631395052897056e+84
2023-05-05 11:09:00+00:00,-1.117084640401541e+81,29121.300000000003,0,Kraken,3.25309569385254e+85
2023-05-05 11:10:00+00:00,-4.2101231722077755e+81,29123.1,0,Kraken,1.2261183815652427e+86
2023-05-05 11:11:00+00:00,-1.5868038449350866e+82,29122.3,0,Kraken,4.621137761335307e+86
2023-05-05 11:12:00+00:00,-5.9805747332632227e+82,29122.3,0,Kraken,1.7416809155451154e+87
2023-05-05 11:13:00+00:00,-2.2540450890834361e+83,29157.0,0,Kraken,6.572119266240575e+87
2023-05-05 11:14:00+00:00,-8.502806281237181e+83,29153.300000000003,0,Kraken,2.4788486235879194e+88
2023-05-05 11:15:00+00:00,-3.2071662007679975e+84,29156.4,0,Kraken,9.350942061607204e+88
2023-05-05 11:16:00+00:00,-1.2098027960505016e+85,29174.999999999996,0,Kraken,3.529599657477338e+89
2023-05-05 11:17:00+00:00,-4.5657408839026324e+85,29181.9,0,Kraken,1.3323699389995824e+90
2023-05-05 11:18:00+00:00,-1.7233894383763478e+86,29173.40000000001,0,Kraken,5.027712944152856e+90
2023-05-05 11:19:00+00:00,-6.503731403880992e+86,29169.7,0,Kraken,1.8971189393178737e+91
2023-05-05 11:20:00+00:00,-2.4541509972209644e+87,29167.099999999995,0,Kraken,7.158046755104357e+91
2023-05-05 11:21:00+00:00,-9.26001117153035e+87,29163.000000000004,0,Kraken,2.700497057953396e+92
2023-05-05 11:22:00+00:00,-3.4936296904727876e+88,29135.6,0,Kraken,1.0178899720973894e+93
2023-05-05 11:23:00+00:00,-1.317171235734902e+89,29143.400000000005,0,Kraken,3.838684819151655e+93
2023-05-05 11:24:00+00:00,-4.9669870341243596e+89,29131.0,0,Kraken,1.4469329929107672e+94
2023-05-05 11:25:00+00:00,-1.8724404341189864e+90,29131.9,0,Kraken,5.45477474827109e+94
2023-05-05 11:26:00+00:00,-7.058832125764968e+90,29122.2,0,Kraken,2.0556872093295256e+95
2023-05-05 11:27:00+00:00,-2.6604275439384466e+91,29128.800000000003,0,Kraken,7.749506184187423e+95
2023-05-05 11:28:00+00:00,-1.002864646090982e+92,29134.100000000002,0,Kraken,2.921755888567928e+96
2023-05-05 11:29:00+00:00,-3.780865785421132e+92,29116.6,0,Kraken,1.1008595672779293e+97
2023-05-05 11:30:00+00:00,-1.4247822125293618e+93,29112.5,0,Kraken,4.147897216226104e+97
2023-05-05 11:31:00+00:00,-5.368596696684745e+93,29114.400000000005,0,Kraken,1.5630347166595837e+98
2023-05-05 11:32:00+00:00,-2.0229907460812783e+94,29112.6,0,Kraken,5.889452039436582e+98
2023-05-05 11:33:00+00:00,-7.622672957590141e+94,29106.100000000002,0,Kraken,2.2186628137091443e+99
2023-05-05 11:34:00+00:00,-2.8717685885909757e+95,29106.1,0,Kraken,8.358598371638779e+99
2023-05-05 11:35:00+00:00,-1.0819111448571258e+96,29096.4,0,Kraken,3.1479719435220877e+100
2023-05-05 11:36:00+00:00,-4.0749981717031727e+96,29102.099999999995,0,Kraken,1.1859100429272288e+101
2023-05-05 11:37:00+00:00,-1.5350613165020289e+97,29110.1,0,Kraken,4.468578842950571e+101
2023-05-05 11:38:00+00:00,-5.7837794128614624e+97,29112.700000000004,0,Kraken,1.6838143491281192e+102
2023-05-05 11:39:00+00:00,-2.1793461120360553e+98,29126.7,0,Kraken,6.347716040144057e+102
2023-05-05 11:40:00+00:00,-8.214745051646848e+98,29131.3,0,Kraken,2.3930620252303983e+103
2023-05-05 11:41:00+00:00,-3.096794308091885e+99,29116.4,0,Kraken,9.016750179212656e+103
2023-05-05 11:42:00+00:00,-1.1669906924692243e+100,29114.3,0,Kraken,3.3976117117756734e+104
2023-05-05 11:43:00+00:00,-4.3974348384859935e+100,29123.999999999996,0,Kraken,1.2807089223606606e+105
2023-05-05 11:44:00+00:00,-1.657439616297239e+101,29121.700000000008,0,Kraken,4.826745927392332e+105
2023-05-05 11:45:00+00:00,-6.24670244212668e+101,29119.1,0,Kraken,1.81898353082531e+106
2023-05-05 11:46:00+00:00,-2.354157071235798e+102,29137.4,0,Kraken,6.859401624742595e+106
2023-05-05 11:47:00+00:00,-8.876065901202377e+102,29137.4,0,Kraken,2.5862548258969416e+107
2023-05-05 11:48:00+00:00,-3.3466138196603072e+103,29144.299999999996,0,Kraken,9.753471714432588e+107
2023-05-05 11:49:00+00:00,-1.2620200172693577e+104,29144.3,0,Kraken,3.678068998930334e+108
2023-05-05 11:50:00+00:00,-4.7591225334455046e+104,29127.400000000005,0,Kraken,1.3862086568068061e+109
2023-05-05 11:51:00+00:00,-1.793917375889577e+105,29138.300000000003,0,Kraken,5.227170267388326e+109
2023-05-05 11:52:00+00:00,-6.763903066718402e+105,29135.900000000005,0,Kraken,1.9707240336160072e+110
2023-05-05 11:53:00+00:00,-2.5501517773380084e+106,29136.599999999995,0,Kraken,7.430275227558661e+110
2023-05-05 11:54:00+00:00,-9.6148463770678e+106,29141.6,0,Kraken,2.80192007181959e+111
2023-05-05 11:55:00+00:00,-3.625546061278332e+107,29188.499999999996,0,Kraken,1.0582425120962258e+112
2023-05-05 11:56:00+00:00,-1.3687300076367636e+108,29178.699999999997,0,Kraken,3.993776227383083e+112
2023-05-05 11:57:00+00:00,-5.166006485562457e+108,29175.7,0,Kraken,1.5072185542082458e+113
2023-05-05 11:58:00+00:00,-1.9496618009930072e+109,29165.6,0,Kraken,5.6863056223041646e+113
2023-05-05 11:59:00+00:00,-7.3561927022049325e+109,29165.7,0,Kraken,2.1454850949469842e+114
2023-05-05 12:00:00+00:00,-2.7755432972410727e+110,29173.499999999996,0,Kraken,8.097231238206243e+114
2023-05-05 12:01:00+00:00,-1.0474378676736763e+111,29175.7,0,Kraken,3.055973299588688e+115
2023-05-05 12:02:00+00:00,-3.953052721138023e+111,29197.900000000005,0,Kraken,1.154208380465159e+116
2023-05-05 12:03:00+00:00,-1.492724878078284e+112,29202.6,0,Kraken,4.3591447524568894e+116
2023-05-05 12:04:00+00:00,-5.637393204481744e+112,29219.4,0,Kraken,1.6472124699903387e+117
2023-05-05 12:05:00+00:00,-2.1299064791271485e+113,29193.9,0,Kraken,6.218027676099006e+117
2023-05-05 12:06:00+00:00,-8.041997915710507e+113,29192.4,0,Kraken,2.347652199545874e+118
2023-05-05 12:07:00+00:00,-3.0363439999929135e+114,29150.4,0,Kraken,8.851064213739343e+118
2023-05-05 12:08:00+00:00,-1.1451922647839478e+115,29140.9,0,Kraken,3.3371933268842544e+119
2023-05-05 12:09:00+00:00,-4.31819070059557e+115,29155.100000000002,0,Kraken,1.2589728169493392e+120
2023-05-05 12:10:00+00:00,-1.6288485459153192e+116,29147.2,0,Kraken,4.7476374337502995e+120
2023-05-05 12:11:00+00:00,-6.142895134026841e+116,29196.0,0,Kraken,1.7934796633304765e+121
2023-05-05 12:12:00+00:00,-2.3195273012657705e+117,29212.7,0,Kraken,6.7759655193686575e+121
2023-05-05 12:13:00+00:00,-8.762105206736916e+117,29204.0,0,Kraken,2.558885204575449e+122
2023-05-05 12:14:00+00:00,-3.309194755099201e+118,29204.000000000004,0,Kraken,9.664172362791707e+122
2023-05-05 12:15:00+00:00,-1.2497875417834913e+119,29203.899999999998,0,Kraken,3.64986703914909e+123
2023-05-05 12:16:00+00:00,-4.720075676679469e+119,29211.599999999995,0,Kraken,1.3788096263688996e+124
2023-05-05 12:17:00+00:00,-1.782977703112625e+120,29202.400000000005,0,Kraken,5.206722807737613e+124
2023-05-05 12:18:00+00:00,-6.733521979814984e+120,29185.899999999994,0,Kraken,1.965238991506821e+125
2023-05-05 12:19:00+00:00,-2.5418984987944244e+121,29166.799999999996,0,Kraken,7.413904513463721e+125
2023-05-05 12:20:00+00:00,-9.59102784798931e+121,29162.6,0,Kraken,2.7969930871977305e+126
2023-05-05 12:21:00+00:00,-3.618479638743519e+122,29172.499999999996,0,Kraken,1.055600972612453e+127
2023-05-05 12:22:00+00:00,-1.3655117935835235e+123,29164.999999999996,0,Kraken,3.9825151459863457e+127
2023-05-05 12:23:00+00:00,-5.152081252119735e+123,29173.500000000004,0,Kraken,1.503042424087151e+128
2023-05-05 12:24:00+00:00,-1.9442986193607567e+124,29170.099999999995,0,Kraken,5.67153851566152e+128
2023-05-05 12:25:00+00:00,-7.336788977610695e+124,29157.600000000002,0,Kraken,2.139231582935816e+129
2023-05-05 12:26:00+00:00,-2.7676570948922276e+125,29175.099999999995,0,Kraken,8.074667250919022e+129
2023-05-05 12:27:00+00:00,-1.0445038668942708e+126,29177.999999999996,0,Kraken,3.047653382824103e+130
2023-05-05 12:28:00+00:00,-3.9422081559129085e+126,29178.5,0,Kraken,1.150277206773048e+131
2023-05-05 12:29:00+00:00,-1.487902667474975e+127,29156.4,0,Kraken,4.338188533396736e+131
2023-05-05 12:30:00+00:00,-5.612645852064588e+127,29169.400000000005,0,Kraken,1.637175119172128e+132
2023-05-05 12:31:00+00:00,-2.1178882457041e+128,28953.600000000002,0,Kraken,6.132048911081823e+132
2023-05-05 12:32:00+00:00,-7.948231200797102e+128,28981.6,0,Kraken,2.303524573690213e+133
2023-05-05 12:33:00+00:00,-2.9850108476803617e+129,28920.7,0,Kraken,8.632860322250944e+133
2023-05-05 12:34:00+00:00,-1.119312156107941e+130,28895.9,0,Kraken,3.2343532131679457e+134
2023-05-05 12:35:00+00:00,-4.1945303652447157e+130,28931.0,0,Kraken,1.2135195799689486e+135
2023-05-05 12:36:00+00:00,-1.5732656424795597e+131,28928.699999999997,0,Kraken,4.5512529791598434e+135
2023-05-05 12:37:00+00:00,-5.900590184189588e+131,28929.9,0,Kraken,1.7070348396958637e+136
2023-05-05 12:38:00+00:00,-2.2131051969536375e+132,28948.4,0,Kraken,6.406585448349269e+136
2023-05-05 12:39:00+00:00,-8.304477082047542e+132,28984.5,0,Kraken,2.4070111598460697e+137
2023-05-05 12:40:00+00:00,-3.119030327511182e+133,28978.8,0,Kraken,9.038575605488104e+137
2023-05-05 12:41:00+00:00,-1.1712894526848757e+134,28997.9,0,Kraken,3.396493442001076e+138
2023-05-05 12:42:00+00:00,-4.400670349468515e+134,28966.300000000003,0,Kraken,1.2747113754380984e+139
2023-05-05 12:43:00+00:00,-1.6520607087303938e+135,28963.09999999999,0,Kraken,4.784879951302925e+139
2023-05-05 12:44:00+00:00,-6.201517426961796e+135,28988.0,0,Kraken,1.7976958717276854e+140
2023-05-05 12:45:00+00:00,-2.3293982952123737e+136,28987.399999999998,0,Kraken,6.7523200142639155e+140
2023-05-05 12:46:00+00:00,-8.749494089711133e+136,29019.9,0,Kraken,2.539094435340081e+141
2023-05-05 12:47:00+00:00,-3.289116609537226e+137,29043.3,0,Kraken,9.552680042577252e+141
2023-05-05 12:48:00+00:00,-1.2371790540569514e+138,29096.1,0,Kraken,3.5997085474746465e+142
2023-05-05 12:49:00+00:00,-4.6597765699098096e+138,29071.9,0,Kraken,1.35468558462761e+143
2023-05-05 12:50:00+00:00,-1.754010689543262e+139,29065.400000000005,0,Kraken,5.098102229585073e+143
2023-05-05 12:51:00+00:00,-6.60127868260977e+139,29081.0,0,Kraken,1.9197178536897474e+144
2023-05-05 12:52:00+00:00,-2.485392739159025e+140,29033.500000000004,0,Kraken,7.215965009237356e+144
2023-05-05 12:53:00+00:00,-9.346321503078867e+140,29034.499999999993,0,Kraken,2.713657716811433e+145
2023-05-05 12:54:00+00:00,-3.514773858432984e+141,29012.200000000008,0,Kraken,1.0197132213562945e+146
2023-05-05 12:55:00+00:00,-1.3210191952058382e+142,29027.099999999995,0,Kraken,3.834535628115938e+146
2023-05-05 12:56:00+00:00,-4.966889948949499e+142,29027.1,0,Kraken,1.44174411237152e+147
2023-05-05 12:57:00+00:00,-1.8674971457270566e+143,28994.1,0,Kraken,5.414639899292485e+147
2023-05-05 12:58:00+00:00,-7.015728682848952e+143,28966.3,0,Kraken,2.032197017460076e+148
2023-05-05 12:59:00+00:00,-2.6337827602668324e+144,28969.900000000005,0,Kraken,7.630042318665412e+148
2023-05-05 13:00:00+00:00,-9.888415612150613e+144,28970.600000000002,0,Kraken,2.864733333333706e+149
2023-05-05 13:01:00+00:00,-3.7126257401112494e+145,28963.9,0,Kraken,1.0753212067400822e+150
2023-05-05 13:02:00+00:00,-1.3936763729044989e+146,28930.300000000003,0,Kraken,4.0319475571039025e+150
2023-05-05 13:03:00+00:00,-5.22724609417372e+146,28925.599999999995,0,Kraken,1.5120122962163133e+151
2023-05-05 13:04:00+00:00,-1.9603436446027137e+147,28921.0,0,Kraken,5.669509854555508e+151
2023-05-05 13:05:00+00:00,-7.350905154900001e+147,28965.099999999995,0,Kraken,2.12919702902194e+152
2023-05-05 13:06:00+00:00,-2.759527873732294e+148,28990.299999999996,0,Kraken,7.999954091786131e+152
2023-05-05 13:07:00+00:00,-1.0365872287557916e+149,28973.399999999998,0,Kraken,3.003345641363305e+153
2023-05-05 13:08:00+00:00,-3.8921637833046026e+149,28978.3,0,Kraken,1.1278828976173577e+154
2023-05-05 13:09:00+00:00,-1.4616057544832196e+150,28946.5,0,Kraken,4.2308370972148516e+154
2023-05-05 13:10:00+00:00,-5.4842793537290084e+150,28963.8,0,Kraken,1.5884557034553626e+155
2023-05-05 13:11:00+00:00,-2.0587292481007532e+151,28965.200000000004,0,Kraken,5.963150441708794e+155
2023-05-05 13:12:00+00:00,-7.728483790525452e+151,28998.600000000002,0,Kraken,2.2411521004793137e+156
2023-05-05 13:13:00+00:00,-2.903732452189563e+152,29006.9,0,Kraken,8.422827686741744e+156
2023-05-05 13:14:00+00:00,-1.091214444913388e+153,29030.500000000004,0,Kraken,3.1678500943058116e+157
2023-05-05 13:15:00+00:00,-4.1032015878646265e+153,29037.399999999998,0,Kraken,1.191463057874603e+158
2023-05-05 13:16:00+00:00,-1.5431614564445442e+154,29029.400000000005,0,Kraken,4.479705118371126e+158
2023-05-05 13:17:00+00:00,-5.802458398872445e+154,29008.500000000004,0,Kraken,1.6832061446369135e+159
2023-05-05 13:18:00+00:00,-2.1806357307144107e+155,29004.2,0,Kraken,6.324759486078691e+159
2023-05-05 13:19:00+00:00,-8.19420761297308e+155,29013.799999999996,0,Kraken,2.377451008412783e+160
2023-05-05 13:20:00+00:00,-3.0798976327273482e+156,29030.2,0,Kraken,8.941004425760146e+160
2023-05-05 13:21:00+00:00,-1.1580991299964477e+157,28999.9,0,Kraken,3.3584758959983986e+161
2023-05-05 13:22:00+00:00,-4.351333000766309e+157,28989.399999999998,0,Kraken,1.2614253289241483e+162
2023-05-05 13:23:00+00:00,-1.6344946206586754e+158,28996.399999999998,0,Kraken,4.739445981846721e+162
2023-05-05 13:24:00+00:00,-6.140752788522651e+158,29000.000000000004,0,Kraken,1.780818308671569e+163
2023-05-05 13:25:00+00:00,-2.307274669597532e+159,28974.4,0,Kraken,6.685189918678674e+163
2023-05-05 13:26:00+00:00,-8.663543269377927e+159,28999.90000000001,0,Kraken,2.51241888457633e+164
2023-05-05 13:27:00+00:00,-3.255158453640031e+160,28997.3,0,Kraken,9.439080622773607e+164
2023-05-05 13:28:00+00:00,-1.2229822225823473e+161,29010.0,0,Kraken,3.5478714277113894e+165
2023-05-05 13:29:00+00:00,-4.596293082309904e+161,29029.900000000005,0,Kraken,1.334299285501483e+166
2023-05-05 13:30:00+00:00,-1.7282790779923252e+162,29020.3,0,Kraken,5.0155177327060675e+166
2023-05-05 13:31:00+00:00,-6.497025854649707e+162,29002.1,0,Kraken,1.8842739353913626e+167
2023-05-05 13:32:00+00:00,-2.4412674317304002e+163,29031.8,0,Kraken,7.087438782451063e+167
2023-05-05 13:33:00+00:00,-9.179993650994422e+163,29024.4,0,Kraken,2.664438077239225e+168
2023-05-05 13:34:00+00:00,-3.451343113359374e+164,29007.700000000004,0,Kraken,1.0011552562939474e+169
2023-05-05 13:35:00+00:00,-1.2970312352073358e+165,29029.999999999996,0,Kraken,3.7652816758068954e+169
2023-05-05 13:36:00+00:00,-4.877055434428629e+165,29021.3,0,Kraken,1.4153848887918355e+170
2023-05-05 13:37:00+00:00,-1.8334513838257164e+166,29007.8,0,Kraken,5.318439105173961e+170
2023-05-05 13:38:00+00:00,-6.890215349439882e+166,29013.3,0,Kraken,1.9990788499790414e+171
2023-05-05 13:39:00+00:00,-2.5897427227002155e+167,29009.6,0,Kraken,7.512740048844417e+171
2023-05-05 13:40:00+00:00,-9.732844751463638e+167,29018.1,0,Kraken,2.82428662282447e+172
2023-05-05 13:41:00+00:00,-3.6586119820404674e+168,29093.700000000004,0,Kraken,1.0644255942189076e+173
2023-05-05 13:42:00+00:00,-1.377915464969513e+169,29098.6,0,Kraken,4.0095410948961866e+173
2023-05-05 13:43:00+00:00,-5.190181155404077e+169,29143.9,0,Kraken,1.512621205749809e+174
2023-05-05 13:44:00+00:00,-1.9572161010016497e+170,29174.9,0,Kraken,5.710158402511303e+174
2023-05-05 13:45:00+00:00,-7.386426190044049e+170,29189.299999999996,0,Kraken,2.1560460998905273e+175
2023-05-05 13:46:00+00:00,-2.788608033767344e+171,29156.600000000002,0,Kraken,8.130632899734096e+175
2023-05-05 13:47:00+00:00,-1.0519201663205458e+172,29165.4,0,Kraken,3.067967241880525e+176
2023-05-05 13:48:00+00:00,-3.968938842219941e+172,29175.099999999995,0,Kraken,1.1579418761565097e+177
2023-05-05 13:49:00+00:00,-1.4978632923191037e+173,29199.9,0,Kraken,4.37374583493886e+177
2023-05-05 13:50:00+00:00,-5.656414306160305e+173,29224.300000000003,0,Kraken,1.653047486075206e+178
2023-05-05 13:51:00+00:00,-2.137356513882132e+174,29251.5,0,Kraken,6.252088406582319e+178
2023-05-05 13:52:00+00:00,-8.081832842187377e+174,29213.8,0,Kraken,2.3610104828509358e+179
2023-05-05 13:53:00+00:00,-3.0530285284753032e+175,29226.799999999996,0,Kraken,8.923025419604198e+179
2023-05-05 13:54:00+00:00,-1.1537027783485638e+176,29212.7,0,Kraken,3.370277315306309e+180
2023-05-05 13:55:00+00:00,-4.358157420987617e+176,29180.1,0,Kraken,1.2717146936016076e+181
2023-05-05 13:56:00+00:00,-1.6449601752634846e+177,29173.8,0,Kraken,4.798973916110185e+181
2023-05-05 13:57:00+00:00,-6.207817414204179e+177,29173.3,0,Kraken,1.8110251976980277e+182
2023-05-05 13:58:00+00:00,-2.3427017971806703e+178,29170.7,0,Kraken,6.833825131501819e+182
2023-05-05 13:59:00+00:00,-8.840292535536326e+178,29179.899999999998,0,Kraken,2.579588521576964e+183
2023-05-05 14:00:00+00:00,-3.336698170892988e+179,29191.9,0,Kraken,9.740455933489102e+183
2023-05-05 14:01:00+00:00,-1.2597909138825895e+180,29207.0,0,Kraken,3.679471322176879e+184
2023-05-05 14:02:00+00:00,-4.75822675690916e+180,29226.999999999996,0,Kraken,1.39068693424184e+185
2023-05-05 14:03:00+00:00,-1.7980857377391835e+181,29233.300000000003,0,Kraken,5.256397979705088e+185
2023-05-05 14:04:00+00:00,-6.795861093828433e+181,29199.999999999996,0,Kraken,1.9843914393979023e+186
2023-05-05 14:05:00+00:00,-2.5663425290734497e+182,29192.7,0,Kraken,7.49184675484825e+186
2023-05-05 14:06:00+00:00,-9.689579245079972e+182,29200.8,0,Kraken,2.8294346561973125e+187
2023-05-05 14:07:00+00:00,-3.6591801738516748e+183,29193.900000000005,0,Kraken,1.0682574007740843e+188
2023-05-05 14:08:00+00:00,-1.3816155601058988e+184,29170.8,0,Kraken,4.030283118073715e+188
2023-05-05 14:09:00+00:00,-5.213602735228709e+184,29160.2,0,Kraken,1.520296984798162e+189
2023-05-05 14:10:00+00:00,-1.9668563782503405e+185,29145.7,0,Kraken,5.732540594357095e+189
2023-05-05 14:11:00+00:00,-7.417347421903494e+185,29139.699999999997,0,Kraken,2.161392786700412e+190
2023-05-05 14:12:00+00:00,-2.7967837787943944e+186,29136.1,0,Kraken,8.148737185733135e+190
2023-05-05 14:13:00+00:00,-1.0544590936347188e+187,29149.100000000006,0,Kraken,3.073653356626779e+191
2023-05-05 14:14:00+00:00,-3.9768841189506615e+187,29181.299999999996,0,Kraken,1.1605064854033492e+192
2023-05-05 14:15:00+00:00,-1.5010962466374452e+188,29186.3,0,Kraken,4.3811445383234467e+192
2023-05-05 14:16:00+00:00,-5.666681936617185e+188,29186.200000000004,0,Kraken,1.6538891233849651e+193
2023-05-05 14:17:00+00:00,-2.1391835044261415e+189,29198.8,0,Kraken,6.246159130903802e+193
2023-05-05 14:18:00+00:00,-8.078022286263261e+189,29184.1,0,Kraken,2.3574981020453565e+194
2023-05-05 14:19:00+00:00,-3.0493079064537315e+190,29184.1,0,Kraken,8.899130687273634e+194
2023-05-05 14:20:00+00:00,-1.1510588085617236e+191,29200.099999999995,0,Kraken,3.361103231588318e+195
2023-05-05 14:21:00+00:00,-4.346790746090262e+191,29229.399999999998,0,Kraken,1.270540854337707e+196
2023-05-05 14:22:00+00:00,-1.6427074231531055e+192,29243.299999999996,0,Kraken,4.80381859874932e+196
2023-05-05 14:23:00+00:00,-6.210170979118391e+192,29227.2,0,Kraken,1.8150590924088906e+197
2023-05-05 14:24:00+00:00,-2.3467725747442494e+193,29210.100000000002,0,Kraken,6.8549461585537e+197
2023-05-05 14:25:00+00:00,-8.86444515410638e+193,29197.499999999996,0,Kraken,2.58819637387021e+198
2023-05-05 14:26:00+00:00,-3.347297765866729e+194,29203.9,0,Kraken,9.775414922459537e+198
2023-05-05 14:27:00+00:00,-1.2641747688350797e+195,29193.4,0,Kraken,3.690555969651002e+199
2023-05-05 14:28:00+00:00,-4.773149878140765e+195,29193.399999999994,0,Kraken,1.3934447365251459e+200
2023-05-05 14:29:00+00:00,-1.8022001641584245e+196,29199.6,0,Kraken,5.262352391336033e+200
2023-05-05 14:30:00+00:00,-6.805636965941864e+196,29193.3,0,Kraken,1.986790016378306e+201
2023-05-05 14:31:00+00:00,-2.56960067969887e+197,29221.2,0,Kraken,7.508681538161662e+201
2023-05-05 14:32:00+00:00,-9.708843882560788e+197,29249.3,0,Kraken,2.8397688737418525e+202
2023-05-05 14:33:00+00:00,-3.6709323962215314e+198,29230.600000000002,0,Kraken,1.073035565009931e+203
2023-05-05 14:34:00+00:00,-1.3873338537688806e+199,29229.599999999995,0,Kraken,4.055121361212287e+203
2023-05-05 14:35:00+00:00,-5.242937193406973e+199,29252.199999999997,0,Kraken,1.5336744736897945e+204
2023-05-05 14:36:00+00:00,-1.982509120545925e+200,29315.4,0,Kraken,5.811804787245201e+204
2023-05-05 14:37:00+00:00,-7.508364440527849e+200,29396.599999999995,0,Kraken,2.207203861124209e+205
2023-05-05 14:38:00+00:00,-2.8494425818647695e+201,29384.399999999994,0,Kraken,8.372916060254712e+205
2023-05-05 14:39:00+00:00,-1.0810398678817815e+202,29404.0,0,Kraken,3.1786896275195904e+206
2023-05-05 14:40:00+00:00,-4.103333222839131e+202,29390.4,0,Kraken,1.205986047525312e+207
2023-05-05 14:41:00+00:00,-1.5569830568322935e+203,29414.4,0,Kraken,4.5797722426887816e+207
2023-05-05 14:42:00+00:00,-5.9114236717523536e+203,29414.3,0,Kraken,1.7388038930802525e+208
2023-05-05 14:43:00+00:00,-2.2443945142655318e+204,29381.9,0,Kraken,6.594457517869843e+208
2023-05-05 14:44:00+00:00,-8.514394882737721e+204,29383.4,0,Kraken,2.5018187059743556e+209
2023-05-05 14:45:00+00:00,-3.230164980977664e+205,29374.999999999996,0,Kraken,9.488609631621887e+209
2023-05-05 14:46:00+00:00,-1.2251920860872359e+206,29413.8,0,Kraken,3.6037554981752736e+210
2023-05-05 14:47:00+00:00,-4.651637436627838e+206,29450.100000000002,0,Kraken,1.369911876724335e+211
2023-05-05 14:48:00+00:00,-1.7676739120216455e+207,29421.900000000005,0,Kraken,5.200832507210966e+211
2023-05-05 14:49:00+00:00,-6.712617699772123e+207,29394.299999999996,0,Kraken,1.9731269845241168e+212
2023-05-05 14:50:00+00:00,-2.547307962781394e+208,29379.899999999998,0,Kraken,7.483965321572108e+212
2023-05-05 14:51:00+00:00,-9.663051023788763e+208,29336.4,0,Kraken,2.834791300542767e+213
2023-05-05 14:52:00+00:00,-3.661620441173621e+209,29325.8,0,Kraken,1.0737994873376938e+214
2023-05-05 14:53:00+00:00,-1.3871289944734863e+210,29316.2,0,Kraken,4.066535102778362e+214
2023-05-05 14:54:00+00:00,-5.2535845025622827e+210,29321.2,0,Kraken,1.5404140191652921e+215
2023-05-05 14:55:00+00:00,-1.9899818012435567e+211,29309.100000000002,0,Kraken,5.832457561082753e+215
2023-05-05 14:56:00+00:00,-7.535473747774443e+211,29284.599999999995,0,Kraken,2.2067333451407543e+216
2023-05-05 14:57:00+00:00,-2.851706146694411e+212,29269.8,0,Kraken,8.346886857251607e+216
2023-05-05 14:58:00+00:00,-1.0787913716269996e+213,29279.7,0,Kraken,3.158668772382706e+217
2023-05-05 14:59:00+00:00,-4.0820489273930994e+213,29281.8,0,Kraken,1.1952974028213926e+218
2023-05-05 15:00:00+00:00,-1.5446918798516144e+214,29284.3,0,Kraken,4.523522041713863e+218
2023-05-05 15:01:00+00:00,-5.845649887615035e+214,29308.3,0,Kraken,1.7132606060118774e+219
2023-05-05 15:02:00+00:00,-2.2135306166200497e+215,29327.3,0,Kraken,6.491687645280118e+219
2023-05-05 15:03:00+00:00,-8.385817543575741e+215,29327.2,0,Kraken,2.459325482639545e+220
2023-05-05 15:04:00+00:00,-3.176904753718406e+216,29339.999999999996,0,Kraken,9.321038547409802e+220
2023-05-05 15:05:00+00:00,-1.2039334296775241e+217,29309.0,0,Kraken,3.5286084890418556e+221
2023-05-05 15:06:00+00:00,-4.558929116060109e+217,29304.000000000004,0,Kraken,1.3359485881702546e+222
2023-05-05 15:07:00+00:00,-1.7261108358839073e+218,29290.6,0,Kraken,5.055882204954117e+222
2023-05-05 15:08:00+00:00,-6.533236092527342e+218,29280.2,0,Kraken,1.9129445943641908e+223
2023-05-05 15:09:00+00:00,-2.4721484752903493e+219,29252.2,0,Kraken,7.231578162888836e+223
2023-05-05 15:10:00+00:00,-9.347922202405803e+219,29210.9,0,Kraken,2.730612206622557e+224
2023-05-05 15:11:00+00:00,-3.531054231980484e+220,29195.6,0,Kraken,1.0309124693520942e+225
2023-05-05 15:12:00+00:00,-1.3332954608447182e+221,29237.300000000003,0,Kraken,3.8981959377355284e+225
2023-05-05 15:13:00+00:00,-5.039694341987829e+221,29233.7,0,Kraken,1.473289124853696e+226
2023-05-05 15:14:00+00:00,-1.9047705358309716e+222,29234.7,0,Kraken,5.568539518385771e+226
2023-05-05 15:15:00+00:00,-7.199329601154813e+222,29213.399999999998,0,Kraken,2.10316895370376e+227
2023-05-05 15:16:00+00:00,-2.719622863181458e+223,29231.300000000003,0,Kraken,7.949811180051615e+227
2023-05-05 15:17:00+00:00,-1.0278291471347593e+224,29237.1,0,Kraken,3.005074355769367e+228
2023-05-05 15:18:00+00:00,-3.885049360761458e+224,29230.0,0,Kraken,1.1355999281505741e+229
2023-05-05 15:19:00+00:00,-1.4682316533453899e+225,29237.7,0,Kraken,4.2927716611016506e+229
2023-05-05 15:20:00+00:00,-5.549792543522857e+225,29230.1,0,Kraken,1.6222099102642746e+230
2023-05-05 15:21:00+00:00,-2.0973740165497654e+226,29222.000000000004,0,Kraken,6.128946351161725e+230
2023-05-05 15:22:00+00:00,-7.924767062300035e+226,29222.099999999995,0,Kraken,2.3157833557123782e+231
2023-05-05 15:23:00+00:00,-2.9943200654861336e+227,29222.200000000004,0,Kraken,8.75006198176489e+231
2023-05-05 15:24:00+00:00,-1.131386594187572e+228,29228.8,0,Kraken,3.3069072484189704e+232
2023-05-05 15:25:00+00:00,-4.275589071783932e+228,29223.3,0,Kraken,1.2494682212146339e+233
2023-05-05 15:26:00+00:00,-1.6155514275913018e+229,29238.7,0,Kraken,4.7236623525913795e+233
2023-05-05 15:27:00+00:00,-6.106802544309881e+229,29278.0,0,Kraken,1.787949648923047e+234
2023-05-05 15:28:00+00:00,-2.310660112846765e+230,29322.399999999998,0,Kraken,6.775410009293798e+234
2023-05-05 15:29:00+00:00,-8.752709840167604e+230,29336.69999999999,0,Kraken,2.567756227680449e+235
2023-05-05 15:30:00+00:00,-3.316689773974146e+231,29323.399999999998,0,Kraken,9.725662091815348e+235
2023-05-05 15:31:00+00:00,-1.2563834779317378e+232,29360.2,0,Kraken,3.688767018877141e+236
2023-05-05 15:32:00+00:00,-4.763657655510909e+232,29328.5,0,Kraken,1.397109335496517e+237
2023-05-05 15:33:00+00:00,-1.8047352371295104e+233,29331.4,0,Kraken,5.293541113434053e+237
2023-05-05 15:34:00+00:00,-6.837826229347393e+233,29331.2,0,Kraken,2.0056164869823425e+238
2023-05-05 15:35:00+00:00,-2.5907197861989683e+234,29317.300000000003,0,Kraken,7.595290918793102e+238
2023-05-05 15:36:00+00:00,-9.812311058936345e+234,29314.1,0,Kraken,2.876390676127659e+239
2023-05-05 15:37:00+00:00,-3.716099068924518e+235,29294.7,0,Kraken,1.0886200739442308e+240
2023-05-05 15:38:00+00:00,-1.406668248880435e+236,29294.800000000003,0,Kraken,4.120806501730257e+240
2023-05-05 15:39:00+00:00,-5.324724922114927e+236,29278.499999999996,0,Kraken,1.5589995863214188e+241
2023-05-05 15:40:00+00:00,-2.0147669727195435e+237,29267.2,0,Kraken,5.896658794397742e+241
2023-05-05 15:41:00+00:00,-7.62130135609236e+237,29292.300000000003,0,Kraken,2.2324544571306425e+242
2023-05-05 15:42:00+00:00,-2.884744502427996e+238,29317.1,0,Kraken,8.45723430521318e+242
2023-05-05 15:43:00+00:00,-1.0925870260877216e+239,29330.1,0,Kraken,3.204568673385548e+243
2023-05-05 15:44:00+00:00,-4.1394861392405796e+239,29330.1,0,Kraken,1.2141154241254012e+244
2023-05-05 15:45:00+00:00,-1.5683277476140487e+240,29307.9,0,Kraken,4.596439279429778e+244
2023-05-05 15:46:00+00:00,-5.938615356198743e+240,29343.099999999995,0,Kraken,1.7425738425847531e+245
2023-05-05 15:47:00+00:00,-2.250698145073949e+241,29331.400000000005,0,Kraken,6.601612757242204e+245
2023-05-05 15:48:00+00:00,-8.527501704465126e+241,29314.4,0,Kraken,2.499785959653725e+246
2023-05-05 15:49:00+00:00,-3.2295429309817877e+242,29295.100000000002,0,Kraken,9.460978311740457e+246
2023-05-05 15:50:00+00:00,-1.2225026993161607e+243,29323.400000000005,0,Kraken,3.584793565312751e+247
2023-05-05 15:51:00+00:00,-4.6309190723839724e+243,29303.799999999996,0,Kraken,1.3570352631332543e+248
2023-05-05 15:52:00+00:00,-1.7533590106079147e+244,29323.7,0,Kraken,5.141497361936331e+248
2023-05-05 15:53:00+00:00,-6.641887030764593e+244,29341.8,0,Kraken,1.9488492087928852e+249
2023-05-05 15:54:00+00:00,-2.517151622939992e+245,29330.0,0,Kraken,7.382805710082996e+249
2023-05-05 15:55:00+00:00,-9.53671227628267e+245,29338.5,0,Kraken,2.7979283311771913e+250
2023-05-05 15:56:00+00:00,-3.613937310153059e+246,29332.40000000001,0,Kraken,1.0600545475633362e+251
2023-05-05 15:57:00+00:00,-1.3692920131426462e+247,29321.4,0,Kraken,4.0149558834160785e+251
2023-05-05 15:58:00+00:00,-5.1867060764225756e+247,29347.000000000004,0,Kraken,1.5221426322477334e+252
2023-05-05 15:59:00+00:00,-1.9659215512109092e+248,29373.600000000002,0,Kraken,5.774619327664876e+252
2023-05-05 16:00:00+00:00,-7.456420991707878e+248,29397.5,0,Kraken,2.1920013610373234e+253
2023-05-05 16:01:00+00:00,-2.8297937225836458e+249,29423.200000000004,0,Kraken,8.326158665832314e+253
2023-05-05 16:02:00+00:00,-1.0746292958686073e+250,29424.1,0,Kraken,3.1619999864567486e+254
2023-05-05 16:03:00+00:00,-4.081054165005839e+250,29520.2,0,Kraken,1.2047353516180537e+255
2023-05-05 16:04:00+00:00,-1.553565991246493e+251,29599.899999999998,0,Kraken,4.598539798429706e+255
2023-05-05 16:05:00+00:00,-5.925850770162159e+251,29606.200000000004,0,Kraken,1.7544192307157492e+256
2023-05-05 16:06:00+00:00,-2.2606842638308667e+252,29602.9,0,Kraken,6.692281019375877e+256
2023-05-05 16:07:00+00:00,-8.623695071573609e+252,29631.8,0,Kraken,2.5553560762185486e+257
2023-05-05 16:08:00+00:00,-3.291998251606903e+253,29607.100000000002,0,Kraken,9.746652143515074e+257
2023-05-05 16:09:00+00:00,-1.2559100566787206e+254,29596.700000000004,0,Kraken,3.7170793174503095e+258
2023-05-05 16:10:00+00:00,-4.790103525496788e+254,29576.299999999996,0,Kraken,1.4167353890115063e+259
2023-05-05 16:11:00+00:00,-1.826040246526329e+255,29626.8,0,Kraken,5.409972917578624e+259
2023-05-05 16:12:00+00:00,-6.969834424398239e+255,29620.0,0,Kraken,2.0644649565067583e+260
2023-05-05 16:13:00+00:00,-2.659873642720705e+256,29626.8,0,Kraken,7.880354443815778e+260
2023-05-05 16:14:00+00:00,-1.0152502889709448e+257,29586.1,0,Kraken,3.003729657452327e+261
2023-05-05 16:15:00+00:00,-3.8711919654442116e+257,29607.2,0,Kraken,1.1461515475929987e+262
2023-05-05 16:16:00+00:00,-1.4768783778355658e+258,29626.9,0,Kraken,4.375532801229653e+262
2023-05-05 16:17:00+00:00,-5.637128436559739e+258,29635.300000000007,0,Kraken,1.6705799235597886e+263
2023-05-05 16:18:00+00:00,-2.152097742322457e+259,29661.2,0,Kraken,6.383380155457486e+263
2023-05-05 16:19:00+00:00,-8.221406069559218e+259,29618.800000000003,0,Kraken,2.435081820930606e+264
2023-05-05 16:20:00+00:00,-3.137412768937598e+260,29622.299999999996,0,Kraken,9.29373822653002e+264
2023-05-05 16:21:00+00:00,-1.1973885207636451e+261,29649.5,0,Kraken,3.5501970946381695e+265
2023-05-05 16:22:00+00:00,-4.572910621135081e+261,29650.000000000004,0,Kraken,1.3558679991665517e+266
2023-05-05 16:23:00+00:00,-1.7464483326451465e+262,29626.800000000003,0,Kraken,5.174167546161123e+266
2023-05-05 16:24:00+00:00,-6.666039115215931e+262,29586.7,0,Kraken,1.9722609949015919e+267
2023-05-05 16:25:00+00:00,-2.541826722684812e+263,29594.7,0,Kraken,7.522459930984021e+267
2023-05-05 16:26:00+00:00,-9.694170400883639e+263,29635.0,0,Kraken,2.8728673983018665e+268
2023-05-05 16:27:00+00:00,-3.700935075819529e+264,29620.5,0,Kraken,1.0962354741331236e+269
2023-05-05 16:28:00+00:00,-1.4123925607066794e+265,29579.800000000003,0,Kraken,4.177828946719144e+269
2023-05-05 16:29:00+00:00,-5.384666089554035e+265,29578.899999999998,0,Kraken,1.5927249979630983e+270
2023-05-05 16:30:00+00:00,-2.052827160531043e+266,29565.0,0,Kraken,6.069183500110029e+270
2023-05-05 16:31:00+00:00,-7.82339777667286e+266,29579.999999999996,0,Kraken,2.3141610623398317e+271
2023-05-05 16:32:00+00:00,-2.9826406628054057e+267,29563.4,0,Kraken,8.817699897078134e+271
2023-05-05 16:33:00+00:00,-1.1366496568153028e+268,29569.7,0,Kraken,3.361038935713146e+272
2023-05-05 16:34:00+00:00,-4.332320461921662e+268,29547.200000000004,0,Kraken,1.2800793915249175e+273
2023-05-05 16:35:00+00:00,-1.6503296216614974e+269,29541.699999999993,0,Kraken,4.875354258423745e+273
2023-05-05 16:36:00+00:00,-6.285809176107644e+269,29549.2,0,Kraken,1.8574063250664e+274
2023-05-05 16:37:00+00:00,-2.3946000800680884e+270,29518.199999999997,0,Kraken,7.068428408346585e+274
2023-05-05 16:38:00+00:00,-9.115251263998746e+270,29511.1,0,Kraken,2.6900109157699337e+275
2023-05-05 16:39:00+00:00,-3.46918349137785e+271,29499.4,0,Kraken,1.0233883148555175e+276
2023-05-05 16:40:00+00:00,-1.319954431915819e+272,29497.5,0,Kraken,3.8935355855436875e+276
2023-05-05 16:41:00+00:00,-5.0219222571485886e+272,29532.699999999997,0,Kraken,1.483109234436921e+277
2023-05-05 16:42:00+00:00,-1.912330272886299e+273,29546.4,0,Kraken,5.650247517480775e+277
2023-05-05 16:43:00+00:00,-7.284577181834053e+273,29522.699999999997,0,Kraken,2.1506038676613217e+278
2023-05-05 16:44:00+00:00,-2.773248666663112e+274,29542.3,0,Kraken,8.192814408516165e+278
2023-05-05 16:45:00+00:00,-1.0562964381870864e+275,29527.9,0,Kraken,3.119021559714447e+279
2023-05-05 16:46:00+00:00,-4.0218574833053814e+275,29544.599999999995,0,Kraken,1.1882417060126415e+280
2023-05-05 16:47:00+00:00,-1.531964189444811e+276,29517.7,0,Kraken,4.52200593547751e+280
2023-05-05 16:48:00+00:00,-5.831480685660873e+276,29508.0,0,Kraken,1.7207533207248104e+281
2023-05-05 16:49:00+00:00,-2.219237758393892e+277,29499.799999999996,0,Kraken,6.546707002506813e+281
2023-05-05 16:50:00+00:00,-8.443837008106941e+277,29530.199999999997,0,Kraken,2.4934819561679956e+282
2023-05-05 16:51:00+00:00,-3.2151826242378735e+278,29544.8,0,Kraken,9.499192759658312e+282
2023-05-05 16:52:00+00:00,-1.2247000926478627e+279,29540.000000000004,0,Kraken,3.6177640736817868e+283
2023-05-05 16:53:00+00:00,-4.664464775878015e+279,29560.499999999996,0,Kraken,1.3788391100734204e+284
2023-05-05 16:54:00+00:00,-1.7774446460947456e+280,29565.8,0,Kraken,5.255157291750803e+284
2023-05-05 16:55:00+00:00,-6.774040357928277e+280,29550.000000000004,0,Kraken,2.001728925767806e+285
2023-05-05 16:56:00+00:00,-2.5806449116548637e+281,29548.0,0,Kraken,7.625289584957791e+285
2023-05-05 16:57:00+00:00,-9.830758871420941e+281,29557.5,0,Kraken,2.9057265534202447e+286
2023-05-05 16:58:00+00:00,-3.745836358531025e+282,29584.7,0,Kraken,1.1081944491623282e+287
2023-05-05 16:59:00+00:00,-1.42825326459174e+283,29558.9,0,Kraken,4.221759542274078e+287
2023-05-05 17:00:00+00:00,-5.4422959381443624e+283,29618.9,0,Kraken,1.6119481916230406e+288
2023-05-05 17:01:00+00:00,-2.0768675292392304e+284,29627.899999999998,0,Kraken,6.153322346954699e+288
2023-05-05 17:02:00+00:00,-7.9274372354183e+284,29639.899999999998,0,Kraken,2.3496844691407487e+289
2023-05-05 17:03:00+00:00,-3.026820210862172e+285,29686.5,0,Kraken,8.985569818975987e+289
2023-05-05 17:04:00+00:00,-1.1570286587473383e+286,29687.300000000003,0,Kraken,3.434905690082986e+290
2023-05-05 17:05:00+00:00,-4.422931863692759e+286,29668.200000000004,0,Kraken,1.3122042711840953e+291
2023-05-05 17:06:00+00:00,-1.6899350494853693e+287,29653.9,0,Kraken,5.01131649639342e+291
2023-05-05 17:07:00+00:00,-6.454687296925304e+287,29656.299999999996,0,Kraken,1.9142214288380587e+292
2023-05-05 17:08:00+00:00,-2.465507608042748e+288,29646.7,0,Kraken,7.309416440336094e+292
2023-05-05 17:09:00+00:00,-9.415289853213407e+288,29625.199999999997,0,Kraken,2.789298449594178e+293
2023-05-05 17:10:00+00:00,-3.593589789313556e+289,29625.2,0,Kraken,1.0646081622637197e+294
2023-05-05 17:11:00+00:00,-1.3715868311214214e+290,29643.7,0,Kraken,4.0658908545714083e+294
2023-05-05 17:12:00+00:00,-5.237429788976322e+290,29628.0,0,Kraken,1.5517456978779046e+295
2023-05-05 17:13:00+00:00,-1.9991404730970376e+291,29636.7,0,Kraken,5.924792645903498e+295
2023-05-05 17:14:00+00:00,-7.632424480503311e+291,29636.7,0,Kraken,2.2619987460133247e+296
2023-05-05 17:15:00+00:00,-2.913947480656034e+292,29598.400000000005,0,Kraken,8.624818311144957e+296
2023-05-05 17:16:00+00:00,-1.1114411861894907e+293,29608.1,0,Kraken,3.290766178481706e+297
2023-05-05 17:17:00+00:00,-4.240296758573415e+293,29616.999999999996,0,Kraken,1.2558486909866881e+298
2023-05-05 17:18:00+00:00,-1.6180887374092897e+294,29599.999999999996,0,Kraken,4.789542662731497e+298
2023-05-05 17:19:00+00:00,-6.171978754709799e+294,29603.899999999998,0,Kraken,1.827146418565534e+299
2023-05-05 17:20:00+00:00,-2.3544459639777584e+295,29625.300000000003,0,Kraken,6.975116801663029e+299
2023-05-05 17:21:00+00:00,-8.986376611502926e+295,29637.5,0,Kraken,2.6633373682341796e+300
2023-05-05 17:22:00+00:00,-3.4309348569305834e+296,29625.3,0,Kraken,1.0164247441702561e+301
2023-05-05 17:23:00+00:00,-1.309508615853814e+297,29639.5,0,Kraken,3.881318061959912e+301
2023-05-05 17:24:00+00:00,-4.999860037892763e+297,29619.300000000003,0,Kraken,1.4809235442035712e+302
2023-05-05 17:25:00+00:00,-1.908045899948092e+298,29622.1,0,Kraken,5.6520326452852375e+302
2023-05-05 17:26:00+00:00,-7.281990105748759e+298,29629.0,0,Kraken,2.1575808484322998e+303
2023-05-05 17:27:00+00:00,-2.7796236619613505e+299,29639.0,0,Kraken,8.238526571687247e+303
2023-05-05 17:28:00+00:00,-1.0612802433705545e+300,29638.9,0,Kraken,3.145517900523553e+304
2023-05-05 17:29:00+00:00,-4.052033969795245e+300,29638.900000000005,0,Kraken,1.2009782962736431e+305
2023-05-05 17:30:00+00:00,-1.5470917691098295e+301,29608.2,0,Kraken,4.580660251815765e+305
2023-05-05 17:31:00+00:00,-5.902376701782838e+301,29623.899999999998,0,Kraken,1.748514171759446e+306
2023-05-05 17:32:00+00:00,-2.2527223357481554e+302,29615.000000000004,0,Kraken,6.671437197318163e+306
2023-05-05 17:33:00+00:00,-8.595914868579265e+302,29615.9,0,Kraken,2.5457575515635665e+307
2023-05-05 17:34:00+00:00,-3.2800939683873656e+303,29616.699999999997,0,Kraken,9.714555903353809e+307
2023-05-05 17:35:00+00:00,-1.2516679226312791e+304,inf,0,Kraken,inf
